{"cameraMode":{"drawMode":0,"name":"Shaded","section":"Shading Mode"},"sceneLighting":false,"audioPlay":false,"sceneViewState":{"showFog":true,"showMaterialUpdate":false,"showSkybox":true,"showFlares":true,"showImageEffects":true,"showParticleSystems":true},"in2DMode":false,"pivot":{"x":-20.906415939331056,"y":-0.07212215662002564,"z":2.782428741455078},"rotation":{"x":-0.15030169486999513,"y":0.3865707218647003,"z":-0.0640324056148529,"w":-0.9077293872833252},"size":6.227514266967773,"orthographic":true}