{"cameraMode":{"drawMode":0,"name":"Shaded","section":"Shading Mode"},"sceneLighting":false,"audioPlay":false,"sceneViewState":{"showFog":true,"showMaterialUpdate":false,"showSkybox":true,"showFlares":true,"showImageEffects":true,"showParticleSystems":true},"in2DMode":false,"pivot":{"x":-10.433847427368164,"y":3.713620662689209,"z":1.3028405904769898},"rotation":{"x":-0.15030169486999513,"y":0.3865707218647003,"z":-0.0640324056148529,"w":-0.9077293872833252},"size":1.8532238006591797,"orthographic":true}