{"cameraMode":{"drawMode":0,"name":"Shaded","section":"Shading Mode"},"sceneLighting":false,"audioPlay":false,"sceneViewState":{"showFog":true,"showMaterialUpdate":false,"showSkybox":true,"showFlares":true,"showImageEffects":true,"showParticleSystems":true},"in2DMode":false,"pivot":{"x":-80.44610595703125,"y":4.915625095367432,"z":-6.2021613121032719},"rotation":{"x":0.041118036955595019,"y":-0.1136559396982193,"z":0.004707829561084509,"w":0.9926589727401733},"size":27.871524810791017,"orthographic":true}