{"cameraMode":{"drawMode":0,"name":"Shaded","section":"Shading Mode"},"sceneLighting":false,"audioPlay":false,"sceneViewState":{"showFog":true,"showMaterialUpdate":false,"showSkybox":true,"showFlares":true,"showImageEffects":true,"showParticleSystems":true},"in2DMode":false,"pivot":{"x":-8.783012390136719,"y":-0.2320384979248047,"z":-44.84735870361328},"rotation":{"x":-0.2088671773672104,"y":0.16688553988933564,"z":-0.03620125725865364,"w":-0.9629276394844055},"size":58.194183349609378,"orthographic":true}