{"cameraMode":{"drawMode":0,"name":"Shaded","section":"Shading Mode"},"sceneLighting":false,"audioPlay":false,"sceneViewState":{"showFog":true,"showMaterialUpdate":false,"showSkybox":true,"showFlares":true,"showImageEffects":true,"showParticleSystems":true},"in2DMode":false,"pivot":{"x":-4.873682022094727,"y":0.532711386680603,"z":3.5899722576141359},"rotation":{"x":-0.001950821140781045,"y":0.9676296710968018,"z":-0.25254708528518679,"w":-0.007525002583861351},"size":2.3400676250457765,"orthographic":true}