{"cameraMode":{"drawMode":0,"name":"Shaded","section":"Shading Mode"},"sceneLighting":false,"audioPlay":false,"sceneViewState":{"showFog":true,"showMaterialUpdate":false,"showSkybox":true,"showFlares":true,"showImageEffects":true,"showParticleSystems":true},"in2DMode":false,"pivot":{"x":-3.2300000190734865,"y":-1.6600000858306885,"z":-13.529999732971192},"rotation":{"x":0.10719985514879227,"y":-0.6287882328033447,"z":0.08809276670217514,"w":0.765123724937439},"size":19.433616638183595,"orthographic":true}