{"cameraMode":{"drawMode":0,"name":"Shaded","section":"Shading Mode"},"sceneLighting":false,"audioPlay":false,"sceneViewState":{"showFog":true,"showMaterialUpdate":false,"showSkybox":true,"showFlares":true,"showImageEffects":true,"showParticleSystems":true},"in2DMode":false,"pivot":{"x":-5.960464477539063e-7,"y":0.631509006023407,"z":-0.08104921877384186},"rotation":{"x":0.020935015752911569,"y":0.9784131050109863,"z":-0.16261915862560273,"w":0.12603789567947389},"size":2.6533334255218508,"orthographic":true}