{"cameraMode":{"drawMode":0,"name":"Shaded","section":"Shading Mode"},"sceneLighting":false,"audioPlay":false,"sceneViewState":{"showFog":true,"showMaterialUpdate":false,"showSkybox":true,"showFlares":true,"showImageEffects":true,"showParticleSystems":true},"in2DMode":false,"pivot":{"x":0.004513651132583618,"y":0.4693413972854614,"z":-0.10224141925573349},"rotation":{"x":-0.15893764793872834,"y":0.10347188264131546,"z":-0.016745001077651979,"w":-0.9817439317703247},"size":2.161381244659424,"orthographic":true}