{"cameraMode":{"drawMode":0,"name":"Shaded","section":"Shading Mode"},"sceneLighting":false,"audioPlay":false,"sceneViewState":{"showFog":true,"showMaterialUpdate":false,"showSkybox":true,"showFlares":true,"showImageEffects":true,"showParticleSystems":true},"in2DMode":false,"pivot":{"x":2.9802322387695315e-8,"y":0.7430406808853149,"z":-5.960464477539063e-8},"rotation":{"x":-0.11149542033672333,"y":0.4988914728164673,"z":-0.06477803736925125,"w":-0.8570874929428101},"size":3.2677252292633058,"orthographic":true}