{"cameraMode":{"drawMode":0,"name":"Shaded","section":"Shading Mode"},"sceneLighting":false,"audioPlay":false,"sceneViewState":{"showFog":true,"showMaterialUpdate":false,"showSkybox":true,"showFlares":true,"showImageEffects":true,"showParticleSystems":true},"in2DMode":false,"pivot":{"x":0.04011979699134827,"y":0.5888494849205017,"z":0.010271340608596802},"rotation":{"x":0.11662508547306061,"y":-0.5101924538612366,"z":0.07013146579265595,"w":0.8493184447288513},"size":12.342733383178711,"orthographic":true}