{"cameraMode":{"drawMode":0,"name":"Shaded","section":"Shading Mode"},"sceneLighting":false,"audioPlay":false,"sceneViewState":{"showFog":true,"showMaterialUpdate":false,"showSkybox":true,"showFlares":true,"showImageEffects":true,"showParticleSystems":true},"in2DMode":false,"pivot":{"x":-17.139314651489259,"y":-1.6332874298095704,"z":-91.67717742919922},"rotation":{"x":-0.2088671773672104,"y":0.16688553988933564,"z":-0.03620125725865364,"w":-0.9629276394844055},"size":95.84260559082031,"orthographic":true}