{"cameraMode":{"drawMode":0,"name":"Shaded","section":"Shading Mode"},"sceneLighting":false,"audioPlay":false,"sceneViewState":{"showFog":true,"showMaterialUpdate":false,"showSkybox":true,"showFlares":true,"showImageEffects":true,"showParticleSystems":true},"in2DMode":false,"pivot":{"x":43.868736267089847,"y":0.1171875,"z":-3.0820255279541017},"rotation":{"x":-0.13337916135787965,"y":0.019332604482769967,"z":-0.002615888835862279,"w":-0.9909200668334961},"size":1.393100380897522,"orthographic":true}